<?xml version="1.0" encoding="utf-8" ?>
<dwsync>
<file name="eventsandholidays.gif" server="C:/Program Files (x86)/xampp/htdocs/brilho/" local="129140283805066998" remote="129140283800000000" />
<file name="sp2_warning.gif" server="C:/Program Files (x86)/xampp/htdocs/brilho/" local="129140283802854464" remote="129140283800000000" />
<file name="Thumbs.db" server="C:/Program Files (x86)/xampp/htdocs/brilho/" local="129140283809742070" remote="129140283800000000" />
<file name="eventsandholidays.gif" server="C:/Program Files (x86)/xampp/htdocs/180/" local="129140283805066998" remote="129140283800000000" />
<file name="sp2_warning.gif" server="C:/Program Files (x86)/xampp/htdocs/180/" local="129140283802854464" remote="129140283800000000" />
<file name="Thumbs.db" server="C:/Program Files (x86)/xampp/htdocs/180/" local="129140283809742070" remote="129140283800000000" />
<file name="eventsandholidays.gif" server="C:/Program Files (x86)/xampp/htdocs/cien/" local="129140283805066998" remote="129140283800000000" />
<file name="sp2_warning.gif" server="C:/Program Files (x86)/xampp/htdocs/cien/" local="129140283802854464" remote="129140283800000000" />
<file name="Thumbs.db" server="C:/Program Files (x86)/xampp/htdocs/cien/" local="129140283809742070" remote="129140283800000000" />
<file name="eventsandholidays.gif" server="C:/Program Files (x86)/xampp/htdocs/mercantil/" local="129140283805066998" remote="129140283800000000" />
<file name="sp2_warning.gif" server="C:/Program Files (x86)/xampp/htdocs/mercantil/" local="129140283802854464" remote="129140283800000000" />
<file name="Thumbs.db" server="C:/Program Files (x86)/xampp/htdocs/mercantil/" local="129140283809742070" remote="129140283800000000" />
<file name="eventsandholidays.gif" server="C:/Program Files (x86)/xampp/htdocs/optima/" local="129140283805066998" remote="129140283800000000" />
<file name="sp2_warning.gif" server="C:/Program Files (x86)/xampp/htdocs/optima/" local="129140283802854464" remote="129140283800000000" />
<file name="Thumbs.db" server="C:/Program Files (x86)/xampp/htdocs/optima/" local="129140283809742070" remote="129140283800000000" />
<file name="eventsandholidays.gif" server="C:/Program Files (x86)/xampp/htdocs/coas/" local="129234361431549657" remote="129234361430000000" />
<file name="sp2_warning.gif" server="C:/Program Files (x86)/xampp/htdocs/coas/" local="129234361418888933" remote="129234361410000000" />
<file name="Thumbs.db" server="C:/Program Files (x86)/xampp/htdocs/coas/" local="129234361410908476" remote="129234361410000000" />
<file name="eventsandholidays.gif" server="C:/xampp/htdocs/coas/" local="129234361431549657" remote="129234361430000000" />
<file name="sp2_warning.gif" server="C:/xampp/htdocs/coas/" local="129234361418888933" remote="129234361410000000" />
<file name="Thumbs.db" server="C:/xampp/htdocs/coas/" local="129234361410908476" remote="129234361410000000" />
<file name="eventsandholidays.gif" server="C:/Program Files (x86)/xampp/htdocs/" local="129234361431549657" remote="129234361430000000" />
<file name="sp2_warning.gif" server="C:/Program Files (x86)/xampp/htdocs/" local="129234361418888933" remote="129234361410000000" />
<file name="Thumbs.db" server="C:/Program Files (x86)/xampp/htdocs/" local="129234361410908476" remote="129234361410000000" />
<file name="eventsandholidays.gif" server="C:/Archivos de programa/xampp/htdocs/coas/" local="129234361431549657" remote="129234361430000000" />
<file name="sp2_warning.gif" server="C:/Archivos de programa/xampp/htdocs/coas/" local="129234361418888933" remote="129234361410000000" />
<file name="Thumbs.db" server="C:/Archivos de programa/xampp/htdocs/coas/" local="129234361410908476" remote="129234361410000000" />
<file name="eventsandholidays.gif" server="C:/xampp/htdocs/otobai/" local="129521014019959436" remote="129521014010000000" />
<file name="sp2_warning.gif" server="C:/xampp/htdocs/otobai/" local="129521014018099329" remote="129521014010000000" />
<file name="Thumbs.db" server="C:/xampp/htdocs/otobai/" local="129521014025939778" remote="129521014020000000" />
<file name="eventsandholidays.gif" server="C:/xampp/htdocs/inmobiliaria/" local="129577180349437084" remote="129577180340000000" />
<file name="sp2_warning.gif" server="C:/xampp/htdocs/inmobiliaria/" local="129577180344106779" remote="129577180340000000" />
<file name="Thumbs.db" server="C:/xampp/htdocs/inmobiliaria/" local="129577180355277418" remote="129577180350000000" />
<file name="eventsandholidays.gif" server="C:/xampp/htdocs/keme/" local="129597099959177860" remote="129597099950000000" />
<file name="sp2_warning.gif" server="C:/xampp/htdocs/keme/" local="129597099956527709" remote="129597099950000000" />
<file name="Thumbs.db" server="C:/xampp/htdocs/keme/" local="129597099966308268" remote="129597099960000000" />
<file name="eventsandholidays.gif" server="C:/xampp/htdocs/nueva_generacion/" local="129606569909843750" remote="129606569900000000" />
<file name="sp2_warning.gif" server="C:/xampp/htdocs/nueva_generacion/" local="129606569903750000" remote="129606569900000000" />
<file name="Thumbs.db" server="C:/xampp/htdocs/nueva_generacion/" local="129606569908750000" remote="129606569900000000" />
</dwsync>