<?xml version="1.0" encoding="utf-8" ?>
<dwsync>
<file name="cancel.png" server="C:/xampp/htdocs/otobai/" local="129521015699375493" remote="129521015690000000" />
<file name="jquery.uploadify.min.js" server="C:/xampp/htdocs/otobai/" local="129521015694545217" remote="129521015690000000" />
<file name="uploadify.swf" server="C:/xampp/htdocs/otobai/" local="129521015695545274" remote="129521015690000000" />
<file name="jquery.uploadify.min.js" server="C:/xampp/htdocs/golcar/" local="129527121165435334" remote="129527121160000000" />
<file name="cancel.png" server="C:/xampp/htdocs/inmobiliaria/" local="129577181416248102" remote="129577181410000000" />
<file name="jquery.uploadify.min.js" server="C:/xampp/htdocs/inmobiliaria/" local="129577181410597779" remote="129577181410000000" />
<file name="uploadify.swf" server="C:/xampp/htdocs/inmobiliaria/" local="129577181413157925" remote="129577181410000000" />
<file name="cancel.png" server="C:/xampp/htdocs/keme/" local="129597100441455445" remote="129597100440000000" />
<file name="jquery.uploadify.min.js" server="C:/xampp/htdocs/keme/" local="129597100435585109" remote="129597100430000000" />
<file name="uploadify.swf" server="C:/xampp/htdocs/keme/" local="129597100439455330" remote="129597100430000000" />
<file name="cancel.png" server="C:/xampp/htdocs/nueva_generacion/" local="129606570255937500" remote="129606570250000000" />
<file name="jquery.uploadify.min.js" server="C:/xampp/htdocs/nueva_generacion/" local="129606570253125000" remote="129606570250000000" />
<file name="uploadify.swf" server="C:/xampp/htdocs/nueva_generacion/" local="129606570252187500" remote="129606570250000000" />
</dwsync>