<?xml version="1.0" encoding="utf-8" ?>
<dwsync>
<file name="epoch_styles.css" server="C:/Program Files (x86)/xampp/htdocs/brilho/" local="129140283784179177" remote="129140283780000000" />
<file name="epoch_classes.js" server="C:/Program Files (x86)/xampp/htdocs/brilho/" local="129140283795704354" remote="129140283790000000" />
<file name="gettingstarted.html" server="C:/Program Files (x86)/xampp/htdocs/brilho/" local="129140283778016582" remote="129140283770000000" />
<file name="minimum_code.html" server="C:/Program Files (x86)/xampp/htdocs/brilho/" local="129140283777016567" remote="129140283770000000" />
<file name="epoch_classes_registro.js" server="C:/Program Files (x86)/xampp/htdocs/brilho/" local="129140283789629261" remote="129140283780000000" />
<file name="epoch_classes.js" server="C:/Program Files (x86)/xampp/htdocs/180/" local="129140283795704354" remote="129140283790000000" />
<file name="epoch_classes_registro.js" server="C:/Program Files (x86)/xampp/htdocs/180/" local="129140283789629261" remote="129140283780000000" />
<file name="epoch_styles.css" server="C:/Program Files (x86)/xampp/htdocs/180/" local="129140283784179177" remote="129140283780000000" />
<file name="gettingstarted.html" server="C:/Program Files (x86)/xampp/htdocs/180/" local="129140283778016582" remote="129140283770000000" />
<file name="minimum_code.html" server="C:/Program Files (x86)/xampp/htdocs/180/" local="129140283777016567" remote="129140283770000000" />
<file name="epoch_classes.js" server="C:/Program Files (x86)/xampp/htdocs/cien/" local="129140283795704354" remote="129140283790000000" />
<file name="epoch_classes_registro.js" server="C:/Program Files (x86)/xampp/htdocs/cien/" local="129140283789629261" remote="129140283780000000" />
<file name="epoch_styles.css" server="C:/Program Files (x86)/xampp/htdocs/cien/" local="129140283784179177" remote="129140283780000000" />
<file name="gettingstarted.html" server="C:/Program Files (x86)/xampp/htdocs/cien/" local="129140283778016582" remote="129140283770000000" />
<file name="minimum_code.html" server="C:/Program Files (x86)/xampp/htdocs/cien/" local="129140283777016567" remote="129140283770000000" />
<file name="epoch_classes.js" server="C:/Program Files (x86)/xampp/htdocs/mercantil/" local="129140283795704354" remote="129140283790000000" />
<file name="epoch_classes_registro.js" server="C:/Program Files (x86)/xampp/htdocs/mercantil/" local="129140283789629261" remote="129140283780000000" />
<file name="epoch_styles.css" server="C:/Program Files (x86)/xampp/htdocs/mercantil/" local="129140283784179177" remote="129140283780000000" />
<file name="gettingstarted.html" server="C:/Program Files (x86)/xampp/htdocs/mercantil/" local="129140283778016582" remote="129140283770000000" />
<file name="minimum_code.html" server="C:/Program Files (x86)/xampp/htdocs/mercantil/" local="129140283777016567" remote="129140283770000000" />
<file name="epoch_classes.js" server="C:/Program Files (x86)/xampp/htdocs/optima/" local="129234361396967679" remote="129234361390000000" />
<file name="epoch_classes_registro.js" server="C:/Program Files (x86)/xampp/htdocs/optima/" local="129140283789629261" remote="129140283780000000" />
<file name="epoch_styles.css" server="C:/Program Files (x86)/xampp/htdocs/optima/" local="129234361381896817" remote="129234361380000000" />
<file name="gettingstarted.html" server="C:/Program Files (x86)/xampp/htdocs/optima/" local="129140283778016582" remote="129140283770000000" />
<file name="minimum_code.html" server="C:/Program Files (x86)/xampp/htdocs/optima/" local="129140283777016567" remote="129140283770000000" />
<file name="epoch_classes.js" server="C:/Program Files (x86)/xampp/htdocs/coas/" local="129234361396967679" remote="129234361390000000" />
<file name="epoch_classes_registro.js" server="C:/Program Files (x86)/xampp/htdocs/coas/" local="129234361394817556" remote="129234361390000000" />
<file name="epoch_styles.css" server="C:/Program Files (x86)/xampp/htdocs/coas/" local="129234361381896817" remote="129234361380000000" />
<file name="gettingstarted.html" server="C:/Program Files (x86)/xampp/htdocs/coas/" local="129234361379846700" remote="129234361370000000" />
<file name="minimum_code.html" server="C:/Program Files (x86)/xampp/htdocs/coas/" local="129234361372526281" remote="129234361370000000" />
<file name="epoch_classes.js" server="C:/xampp/htdocs/coas/" local="129234361396967679" remote="129234361390000000" />
<file name="epoch_classes_registro.js" server="C:/xampp/htdocs/coas/" local="129234361394817556" remote="129234361390000000" />
<file name="epoch_styles.css" server="C:/xampp/htdocs/coas/" local="129234361381896817" remote="129234361380000000" />
<file name="gettingstarted.html" server="C:/xampp/htdocs/coas/" local="129234361379846700" remote="129234361370000000" />
<file name="minimum_code.html" server="C:/xampp/htdocs/coas/" local="129234361372526281" remote="129234361370000000" />
<file name="epoch_classes.js" server="C:/Program Files (x86)/xampp/htdocs/" local="129234361396967679" remote="129234361390000000" />
<file name="epoch_classes_registro.js" server="C:/Program Files (x86)/xampp/htdocs/" local="129234361394817556" remote="129234361390000000" />
<file name="epoch_styles.css" server="C:/Program Files (x86)/xampp/htdocs/" local="129234361381896817" remote="129234361380000000" />
<file name="gettingstarted.html" server="C:/Program Files (x86)/xampp/htdocs/" local="129234361379846700" remote="129234361370000000" />
<file name="minimum_code.html" server="C:/Program Files (x86)/xampp/htdocs/" local="129234361372526281" remote="129234361370000000" />
<file name="epoch_classes.js" server="C:/Archivos de programa/xampp/htdocs/coas/" local="129234361396967679" remote="129234361390000000" />
<file name="epoch_classes_registro.js" server="C:/Archivos de programa/xampp/htdocs/coas/" local="129234361394817556" remote="129234361390000000" />
<file name="epoch_styles.css" server="C:/Archivos de programa/xampp/htdocs/coas/" local="129234361381896817" remote="129234361380000000" />
<file name="gettingstarted.html" server="C:/Archivos de programa/xampp/htdocs/coas/" local="129234361379846700" remote="129234361370000000" />
<file name="minimum_code.html" server="C:/Archivos de programa/xampp/htdocs/coas/" local="129234361372526281" remote="129234361370000000" />
<file name="epoch_classes.js" server="C:/xampp/htdocs/otobai/" local="129527119439006588" remote="129527119430000000" />
<file name="epoch_classes_registro.js" server="C:/xampp/htdocs/otobai/" local="129521014008568784" remote="129521014000000000" />
<file name="epoch_styles.css" server="C:/xampp/htdocs/otobai/" local="129527119429236029" remote="129527119420000000" />
<file name="gettingstarted.html" server="C:/xampp/htdocs/otobai/" local="129521013998808226" remote="129521013990000000" />
<file name="minimum_code.html" server="C:/xampp/htdocs/otobai/" local="129521013996418089" remote="129521013990000000" />
<file name="epoch_styles.css" server="C:/xampp/htdocs/golcar/" local="129543477376133248" remote="129543477370000000" />
<file name="epoch_classes.js" server="C:/xampp/htdocs/golcar/" local="129543477382943638" remote="129543477380000000" />
<file name="epoch_styles.css" server="C:/xampp/htdocs/agencia/" local="129545244750526330" remote="129545244750000000" />
<file name="epoch_classes.js" server="C:/xampp/htdocs/agencia/" local="129545244757986756" remote="129545244750000000" />
<file name="epoch_classes.js" server="C:/xampp/htdocs/inmobiliaria/" local="129577180335756301" remote="129577180330000000" />
<file name="epoch_classes_registro.js" server="C:/xampp/htdocs/inmobiliaria/" local="129577180335266273" remote="129577180330000000" />
<file name="epoch_styles.css" server="C:/xampp/htdocs/inmobiliaria/" local="129577180324705669" remote="129577180320000000" />
<file name="gettingstarted.html" server="C:/xampp/htdocs/inmobiliaria/" local="129577180324985685" remote="129577180320000000" />
<file name="minimum_code.html" server="C:/xampp/htdocs/inmobiliaria/" local="129577180320295417" remote="129577180320000000" />
<file name="epoch_classes.js" server="C:/xampp/htdocs/keme/" local="129597099946727148" remote="129597099940000000" />
<file name="epoch_classes_registro.js" server="C:/xampp/htdocs/keme/" local="129597099942656915" remote="129597099940000000" />
<file name="epoch_styles.css" server="C:/xampp/htdocs/keme/" local="129597099931646285" remote="129597099930000000" />
<file name="gettingstarted.html" server="C:/xampp/htdocs/keme/" local="129597099934896471" remote="129597099930000000" />
<file name="minimum_code.html" server="C:/xampp/htdocs/keme/" local="129597099927306037" remote="129597099920000000" />
<file name="epoch_styles.css" server="C:/xampp/htdocs/polux/" local="129605052463990539" remote="129605052460000000" />
<file name="epoch_classes.js" server="C:/xampp/htdocs/polux/" local="129605052472611032" remote="129605052470000000" />
<file name="epoch_classes.js" server="C:/xampp/htdocs/nueva_generacion/" local="129606569896250000" remote="129606569890000000" />
<file name="epoch_classes_registro.js" server="C:/xampp/htdocs/nueva_generacion/" local="129606569894687500" remote="129606569890000000" />
<file name="epoch_styles.css" server="C:/xampp/htdocs/nueva_generacion/" local="129606569886562500" remote="129606569880000000" />
<file name="gettingstarted.html" server="C:/xampp/htdocs/nueva_generacion/" local="129606569887656250" remote="129606569880000000" />
<file name="minimum_code.html" server="C:/xampp/htdocs/nueva_generacion/" local="129606569877031250" remote="129606569870000000" />
<file name="epoch_styles.css" server="C:/xampp/htdocs/verdes/" local="129688003383989539" remote="129688003380000000" />
<file name="epoch_classes.js" server="C:/xampp/htdocs/verdes/" local="129688003400220451" remote="129688003400000000" />
</dwsync>