<?xml version="1.0" encoding="utf-8" ?>
<dwsync>
<file name="color_picker-ie6.css" server="C:/xampp/htdocs/golcar/" local="128172640280000000" remote="128172640280000000" />
<file name="color_picker-ie7.css" server="C:/xampp/htdocs/golcar/" local="128172640380000000" remote="128172640380000000" />
<file name="color_picker.css" server="C:/xampp/htdocs/golcar/" local="129543477067815613" remote="129543477060000000" />
<file name="color_picker.js" server="C:/xampp/htdocs/golcar/" local="129543477068375645" remote="129543477060000000" />
<file name="howto_color_picker.txt" server="C:/xampp/htdocs/golcar/" local="128172639800000000" remote="128172639800000000" />
<file name="color_picker.js" server="C:/xampp/htdocs/agencia/" local="129545244388655632" remote="129545244380000000" />
<file name="color_picker.css" server="C:/xampp/htdocs/agencia/" local="129545244387795583" remote="129545244380000000" />
<file name="color_picker-ie6.css" server="C:/xampp/htdocs/inmobiliaria/" local="129577187995384407" remote="129577187990000000" />
<file name="color_picker-ie7.css" server="C:/xampp/htdocs/inmobiliaria/" local="129577187995134393" remote="129577187990000000" />
<file name="color_picker.css" server="C:/xampp/htdocs/inmobiliaria/" local="129577187990094104" remote="129577187990000000" />
<file name="color_picker.js" server="C:/xampp/htdocs/inmobiliaria/" local="129577187990534129" remote="129577187990000000" />
<file name="howto_color_picker.txt" server="C:/xampp/htdocs/inmobiliaria/" local="129577187986083875" remote="129577187980000000" />
<file name="color_picker-ie6.css" server="C:/xampp/htdocs/keme/" local="129597099416276808" remote="129597099410000000" />
<file name="color_picker-ie7.css" server="C:/xampp/htdocs/keme/" local="129597099415276751" remote="129597099410000000" />
<file name="color_picker.css" server="C:/xampp/htdocs/keme/" local="129597099412116570" remote="129597099410000000" />
<file name="color_picker.js" server="C:/xampp/htdocs/keme/" local="129597099410736491" remote="129597099410000000" />
<file name="howto_color_picker.txt" server="C:/xampp/htdocs/keme/" local="129597099407066281" remote="129597099400000000" />
<file name="color_picker.js" server="C:/xampp/htdocs/polux/" local="129605052095539464" remote="129605052090000000" />
<file name="color_picker.css" server="C:/xampp/htdocs/polux/" local="129605052094509406" remote="129605052090000000" />
<file name="color_picker-ie6.css" server="C:/xampp/htdocs/nueva_generacion/" local="129606569432812500" remote="129606569430000000" />
<file name="color_picker-ie7.css" server="C:/xampp/htdocs/nueva_generacion/" local="129606569432656250" remote="129606569430000000" />
<file name="color_picker.css" server="C:/xampp/htdocs/nueva_generacion/" local="129606569428906250" remote="129606569420000000" />
<file name="color_picker.js" server="C:/xampp/htdocs/nueva_generacion/" local="129606569428593750" remote="129606569420000000" />
<file name="howto_color_picker.txt" server="C:/xampp/htdocs/nueva_generacion/" local="129606569425156250" remote="129606569420000000" />
</dwsync>