<?xml version="1.0" encoding="utf-8" ?>
<dwsync>
<file name="ui-bg_flat_0_aaaaaa_40x100.png" server="otobai.com.co" local="129192693060000000" remote="129497878800000000" />
<file name="ui-bg_flat_0_eeeeee_40x100.png" server="otobai.com.co" local="129192693060000000" remote="129497878800000000" />
<file name="ui-bg_flat_55_ffffff_40x100.png" server="otobai.com.co" local="129192693020000000" remote="129497878800000000" />
<file name="ui-bg_flat_75_ffffff_40x100.png" server="otobai.com.co" local="129192693000000000" remote="129497878800000000" />
<file name="ui-bg_glass_65_ffffff_1x400.png" server="otobai.com.co" local="129192693000000000" remote="129497878800000000" />
<file name="ui-bg_highlight-soft_100_f6f6f6_1x100.png" server="otobai.com.co" local="129192693000000000" remote="129497878800000000" />
<file name="ui-bg_highlight-soft_25_0073ea_1x100.png" server="otobai.com.co" local="129192693000000000" remote="129497878800000000" />
<file name="ui-bg_highlight-soft_50_dddddd_1x100.png" server="otobai.com.co" local="129192693000000000" remote="129497878800000000" />
<file name="ui-icons_0073ea_256x240.png" server="otobai.com.co" local="129192693040000000" remote="129497878800000000" />
<file name="ui-icons_454545_256x240.png" server="otobai.com.co" local="129192693060000000" remote="129497878800000000" />
<file name="ui-icons_666666_256x240.png" server="otobai.com.co" local="129192693040000000" remote="129497878800000000" />
<file name="ui-icons_ff0084_256x240.png" server="otobai.com.co" local="129192693020000000" remote="129497878800000000" />
<file name="ui-icons_ff0e00_256x240.png" server="otobai.com.co" local="129192693060000000" remote="129497878800000000" />
<file name="ui-icons_ffffff_256x240.png" server="otobai.com.co" local="129192693040000000" remote="129497878800000000" />
<file name="ui-bg_flat_0_aaaaaa_40x100.png" server="C:/xampp/htdocs/otobai/" local="129527119357631933" remote="129527119350000000" />
<file name="ui-bg_flat_0_eeeeee_40x100.png" server="C:/xampp/htdocs/otobai/" local="129527119357371918" remote="129527119350000000" />
<file name="ui-bg_flat_55_ffffff_40x100.png" server="C:/xampp/htdocs/otobai/" local="129527119353851717" remote="129527119350000000" />
<file name="ui-bg_flat_75_ffffff_40x100.png" server="C:/xampp/htdocs/otobai/" local="129527119353631705" remote="129527119350000000" />
<file name="ui-bg_glass_65_ffffff_1x400.png" server="C:/xampp/htdocs/otobai/" local="129527119349881490" remote="129527119340000000" />
<file name="ui-bg_highlight-soft_100_f6f6f6_1x100.png" server="C:/xampp/htdocs/otobai/" local="129521013920373740" remote="129521013920000000" />
<file name="ui-bg_highlight-soft_25_0073ea_1x100.png" server="C:/xampp/htdocs/otobai/" local="129527119346051271" remote="129527119340000000" />
<file name="ui-bg_highlight-soft_50_dddddd_1x100.png" server="C:/xampp/htdocs/otobai/" local="129527119345871261" remote="129527119340000000" />
<file name="ui-icons_0073ea_256x240.png" server="C:/xampp/htdocs/otobai/" local="129527119342261054" remote="129527119340000000" />
<file name="ui-icons_454545_256x240.png" server="C:/xampp/htdocs/otobai/" local="129527119342461066" remote="129527119340000000" />
<file name="ui-icons_666666_256x240.png" server="C:/xampp/htdocs/otobai/" local="129527119338360831" remote="129527119330000000" />
<file name="ui-icons_ff0084_256x240.png" server="C:/xampp/htdocs/otobai/" local="129527119334450607" remote="129527119330000000" />
<file name="ui-icons_ff0e00_256x240.png" server="C:/xampp/htdocs/otobai/" local="129527119337720795" remote="129527119330000000" />
<file name="ui-icons_ffffff_256x240.png" server="C:/xampp/htdocs/otobai/" local="129527119330870403" remote="129527119330000000" />
<file name="ui-bg_flat_75_ffffff_40x100.png" server="C:/xampp/htdocs/golcar/" local="129527119353631705" remote="129527119350000000" />
<file name="ui-bg_highlight-soft_50_dddddd_1x100.png" server="C:/xampp/htdocs/golcar/" local="129527119345871261" remote="129527119340000000" />
<file name="ui-bg_highlight-soft_25_0073ea_1x100.png" server="C:/xampp/htdocs/golcar/" local="129527119346051271" remote="129527119340000000" />
<file name="ui-bg_glass_65_ffffff_1x400.png" server="C:/xampp/htdocs/golcar/" local="129527119349881490" remote="129527119340000000" />
<file name="ui-bg_flat_55_ffffff_40x100.png" server="C:/xampp/htdocs/golcar/" local="129527119353851717" remote="129527119350000000" />
<file name="ui-icons_ff0084_256x240.png" server="C:/xampp/htdocs/golcar/" local="129527119334450607" remote="129527119330000000" />
<file name="ui-icons_0073ea_256x240.png" server="C:/xampp/htdocs/golcar/" local="129527119342261054" remote="129527119340000000" />
<file name="ui-icons_666666_256x240.png" server="C:/xampp/htdocs/golcar/" local="129527119338360831" remote="129527119330000000" />
<file name="ui-icons_ffffff_256x240.png" server="C:/xampp/htdocs/golcar/" local="129527119330870403" remote="129527119330000000" />
<file name="ui-icons_454545_256x240.png" server="C:/xampp/htdocs/golcar/" local="129527119342461066" remote="129527119340000000" />
<file name="ui-icons_ff0e00_256x240.png" server="C:/xampp/htdocs/golcar/" local="129527119337720795" remote="129527119330000000" />
<file name="ui-bg_flat_0_eeeeee_40x100.png" server="C:/xampp/htdocs/golcar/" local="129527119357371918" remote="129527119350000000" />
<file name="ui-bg_flat_0_aaaaaa_40x100.png" server="C:/xampp/htdocs/golcar/" local="129527119357631933" remote="129527119350000000" />
<file name="ui-bg_flat_0_aaaaaa_40x100.png" server="C:/xampp/htdocs/inmobiliaria/" local="129577180212729265" remote="129577180210000000" />
<file name="ui-bg_flat_0_eeeeee_40x100.png" server="C:/xampp/htdocs/inmobiliaria/" local="129577180216359472" remote="129577180210000000" />
<file name="ui-bg_flat_55_ffffff_40x100.png" server="C:/xampp/htdocs/inmobiliaria/" local="129577180208649031" remote="129577180200000000" />
<file name="ui-bg_flat_75_ffffff_40x100.png" server="C:/xampp/htdocs/inmobiliaria/" local="129577180208569027" remote="129577180200000000" />
<file name="ui-bg_glass_65_ffffff_1x400.png" server="C:/xampp/htdocs/inmobiliaria/" local="129577180203168718" remote="129577180200000000" />
<file name="ui-bg_highlight-soft_100_f6f6f6_1x100.png" server="C:/xampp/htdocs/inmobiliaria/" local="129577180203658746" remote="129577180200000000" />
<file name="ui-bg_highlight-soft_25_0073ea_1x100.png" server="C:/xampp/htdocs/inmobiliaria/" local="129577180198848471" remote="129577180190000000" />
<file name="ui-bg_highlight-soft_50_dddddd_1x100.png" server="C:/xampp/htdocs/inmobiliaria/" local="129577180199038481" remote="129577180190000000" />
<file name="ui-icons_0073ea_256x240.png" server="C:/xampp/htdocs/inmobiliaria/" local="129577180188867900" remote="129577180180000000" />
<file name="ui-icons_454545_256x240.png" server="C:/xampp/htdocs/inmobiliaria/" local="129577180187497821" remote="129577180180000000" />
<file name="ui-icons_666666_256x240.png" server="C:/xampp/htdocs/inmobiliaria/" local="129577180184647658" remote="129577180180000000" />
<file name="ui-icons_ff0084_256x240.png" server="C:/xampp/htdocs/inmobiliaria/" local="129577180180177403" remote="129577180180000000" />
<file name="ui-icons_ff0e00_256x240.png" server="C:/xampp/htdocs/inmobiliaria/" local="129577180181417474" remote="129577180180000000" />
<file name="ui-icons_ffffff_256x240.png" server="C:/xampp/htdocs/inmobiliaria/" local="129577180170696860" remote="129577180170000000" />
<file name="ui-bg_flat_0_aaaaaa_40x100.png" server="C:/xampp/htdocs/keme/" local="129597099817309746" remote="129597099810000000" />
<file name="ui-bg_flat_0_eeeeee_40x100.png" server="C:/xampp/htdocs/keme/" local="129597099817029730" remote="129597099810000000" />
<file name="ui-bg_flat_55_ffffff_40x100.png" server="C:/xampp/htdocs/keme/" local="129597099812939496" remote="129597099810000000" />
<file name="ui-bg_flat_75_ffffff_40x100.png" server="C:/xampp/htdocs/keme/" local="129597099812789487" remote="129597099810000000" />
<file name="ui-bg_glass_65_ffffff_1x400.png" server="C:/xampp/htdocs/keme/" local="129597099808579246" remote="129597099800000000" />
<file name="ui-bg_highlight-soft_100_f6f6f6_1x100.png" server="C:/xampp/htdocs/keme/" local="129597099808339233" remote="129597099800000000" />
<file name="ui-bg_highlight-soft_25_0073ea_1x100.png" server="C:/xampp/htdocs/keme/" local="129597099804589018" remote="129597099800000000" />
<file name="ui-bg_highlight-soft_50_dddddd_1x100.png" server="C:/xampp/htdocs/keme/" local="129597099804138992" remote="129597099800000000" />
<file name="ui-icons_0073ea_256x240.png" server="C:/xampp/htdocs/keme/" local="129597099800508785" remote="129597099800000000" />
<file name="ui-icons_454545_256x240.png" server="C:/xampp/htdocs/keme/" local="129597099800068760" remote="129597099800000000" />
<file name="ui-icons_666666_256x240.png" server="C:/xampp/htdocs/keme/" local="129597099796508556" remote="129597099790000000" />
<file name="ui-icons_ff0084_256x240.png" server="C:/xampp/htdocs/keme/" local="129597099794678451" remote="129597099790000000" />
<file name="ui-icons_ff0e00_256x240.png" server="C:/xampp/htdocs/keme/" local="129597099792388320" remote="129597099790000000" />
<file name="ui-icons_ffffff_256x240.png" server="C:/xampp/htdocs/keme/" local="129597099790548215" remote="129597099790000000" />
<file name="ui-bg_flat_0_aaaaaa_40x100.png" server="C:/xampp/htdocs/nueva_generacion/" local="129606569783906250" remote="129606569780000000" />
<file name="ui-bg_flat_0_eeeeee_40x100.png" server="C:/xampp/htdocs/nueva_generacion/" local="129606569781875000" remote="129606569780000000" />
<file name="ui-bg_flat_55_ffffff_40x100.png" server="C:/xampp/htdocs/nueva_generacion/" local="129606569779843750" remote="129606569770000000" />
<file name="ui-bg_flat_75_ffffff_40x100.png" server="C:/xampp/htdocs/nueva_generacion/" local="129606569777812500" remote="129606569770000000" />
<file name="ui-bg_glass_65_ffffff_1x400.png" server="C:/xampp/htdocs/nueva_generacion/" local="129606569775937500" remote="129606569770000000" />
<file name="ui-bg_highlight-soft_100_f6f6f6_1x100.png" server="C:/xampp/htdocs/nueva_generacion/" local="129606569774218750" remote="129606569770000000" />
<file name="ui-bg_highlight-soft_25_0073ea_1x100.png" server="C:/xampp/htdocs/nueva_generacion/" local="129606569772031250" remote="129606569770000000" />
<file name="ui-bg_highlight-soft_50_dddddd_1x100.png" server="C:/xampp/htdocs/nueva_generacion/" local="129606569770468750" remote="129606569770000000" />
<file name="ui-icons_0073ea_256x240.png" server="C:/xampp/htdocs/nueva_generacion/" local="129606569768437500" remote="129606569760000000" />
<file name="ui-icons_454545_256x240.png" server="C:/xampp/htdocs/nueva_generacion/" local="129606569766718750" remote="129606569760000000" />
<file name="ui-icons_666666_256x240.png" server="C:/xampp/htdocs/nueva_generacion/" local="129606569764687500" remote="129606569760000000" />
<file name="ui-icons_ff0084_256x240.png" server="C:/xampp/htdocs/nueva_generacion/" local="129606569762968750" remote="129606569760000000" />
<file name="ui-icons_ff0e00_256x240.png" server="C:/xampp/htdocs/nueva_generacion/" local="129606569761093750" remote="129606569760000000" />
<file name="ui-icons_ffffff_256x240.png" server="C:/xampp/htdocs/nueva_generacion/" local="129606569759375000" remote="129606569750000000" />
</dwsync>