[{"id_registrado":null,"idr":null,"id_network":null,"nombre_registrado":null,"apellido_registrado":null,"estado_registrado":null,"direccion_registrado":null,"telefono_registrado":null,"celular_registrado":null,"contacto_registrado":null,"cargo_registrado":null,"empresa_registrado":null,"pais_registrado":null,"departamento_registrado":null,"ciudad_registrado":null,"perfil_registrado":null,"correo_registrado":null,"skype_registrado":null,"twitter_registrado":null,"nit_registrado":null,"fecha_registrado":null,"nacio_registrado":null,"sexo_registrado":null,"sangre_registrado":null,"usuario_registrado":null,"contrasena_registrado":null,"tipo_registrado":null,"esposa_registrado":null,"hijos_registrado":null,"mensaje_registrado":null,"img_registrado":null,"boletin_registrado":null,"web_registrado":null,"id_google":null,"img_google":null,"id_linke":null}]