[{"mail_matrix":null,"telefono_matrix":null,"ciudad_matrix":null,"icono_mapa":null,"amigable_matrix":null,"adicional_matrix":null,"abre_matrix":null,"id_categoria":null,"id_idmo":null,"id_matrix":null,"vendido_matrix":null,"estado_matrix":null,"img_matrix":null,"inventario_matrix":null,"mapa_matrix":null,"url_matrix":null,"contenido_matrix":null,"descripcion_matrix":null,"ubica_matrix":null,"referencia_matrix":null,"codigo_matrix":null,"seo_matrix":null,"nombre_matrix":null,"nombre_idmo":null,"idioma":null,"id_modulo":null}]